NC_045512.2,MT461669.1,99.987,29903,4,0,1,29903,1,29903,0.0,55199
NC_045512.2,MT108784.1,100.000,29891,0,0,1,29891,1,29891,0.0,55199
NC_045512.2,HG994854.1,99.953,29782,14,0,55,29836,55,29836,0.0,54924
NC_045512.2,HG994852.1,99.933,29782,17,1,55,29836,55,29833,0.0,54887
NC_045512.2,HG994857.1,99.926,29782,22,0,55,29836,55,29836,0.0,54885
NC_045512.2,HG994855.1,99.926,29782,22,0,55,29836,55,29836,0.0,54885
NC_045512.2,MT461671.1,99.989,27429,3,0,1,27429,1,27429,0.0,50636
NC_045512.2,MT461671.1,99.955,2198,1,0,27706,29903,28660,30857,0.0,4054
NC_045512.2,MT461670.1,99.989,27429,3,0,1,27429,1,27429,0.0,50636
NC_045512.2,MT461670.1,99.955,2198,1,0,27706,29903,28150,30347,0.0,4054
NC_045512.2,MN996532.2,96.137,29877,1130,7,1,29875,1,29855,0.0,48758
NC_045512.2,MT040335.1,85.979,26589,3568,138,3335,29857,3312,29806,0.0,28301
NC_045512.2,MT040335.1,84.151,3199,483,21,18,3207,19,3202,0.0,3077
NC_045512.2,MT040333.1,85.973,26585,3576,129,3335,29857,3312,29805,0.0,28293
NC_045512.2,MT040333.1,84.120,3199,484,21,18,3207,19,3202,0.0,3072
NC_045512.2,MT072864.1,85.939,26592,3580,136,3335,29857,3294,29795,0.0,28262
NC_045512.2,MT072864.1,84.120,3199,484,21,18,3207,1,3184,0.0,3072
NC_045512.2,MT040334.1,85.951,26586,3576,131,3335,29857,3312,29801,0.0,28256
NC_045512.2,MT040334.1,84.151,3199,483,21,18,3207,19,3202,0.0,3077
NC_045512.2,MT040336.1,85.945,26589,3573,138,3335,29857,3312,29802,0.0,28247
NC_045512.2,MT040336.1,84.089,3199,485,21,18,3207,19,3202,0.0,3066
NC_045512.2,HG994858.1,99.938,19221,12,0,55,19275,55,19275,0.0,35432
NC_045512.2,HG994858.1,99.912,10266,9,0,19571,29836,19571,29836,0.0,18912
NC_045512.2,HG994859.1,99.932,19221,13,0,55,19275,55,19275,0.0,35427
NC_045512.2,HG994859.1,99.932,10266,7,0,19571,29836,19571,29836,0.0,18920
NC_045512.2,MT121216.1,90.113,24840,2349,74,3274,28069,3127,27903,0.0,32166
NC_045512.2,MT121216.1,89.205,3094,330,4,121,3212,1,3092,0.0,3860
NC_045512.2,MT121216.1,96.365,1623,59,0,28113,29735,27899,29521,0.0,2671
NC_045512.2,HG994856.1,99.932,19221,13,0,55,19275,55,19275,0.0,35425
NC_045512.2,HG994856.1,99.967,6125,2,0,21387,27511,21387,27511,0.0,11300
NC_045512.2,HG994856.1,99.937,1576,1,0,19571,21146,19571,21146,0.0,2905
NC_045512.2,HG994856.1,99.742,1548,4,0,27809,29356,27809,29356,0.0,2837
NC_045512.2,HG994856.1,99.693,326,1,0,29511,29836,29511,29836,1.53e-164,597
NC_045512.2,HG994853.1,99.896,19221,20,0,55,19275,55,19275,0.0,35397
NC_045512.2,HG994853.1,99.863,5829,6,1,21683,27511,21683,27509,0.0,10722
NC_045512.2,HG994853.1,99.951,2028,1,0,27809,29836,27807,29834,0.0,3740
NC_045512.2,HG994853.1,100.000,1576,0,0,19571,21146,19571,21146,0.0,2911
NC_045512.2,MG772933.1,89.116,21729,2278,68,6,21696,6,21685,0.0,26943
NC_045512.2,MG772933.1,88.907,6833,728,25,23075,29899,22992,29802,0.0,8392
NC_045512.2,MW251308.1,94.703,17690,936,1,3888,21577,3888,21576,0.0,27475
NC_045512.2,MW251308.1,90.517,6812,598,33,23074,29872,22953,29729,0.0,8957
NC_045512.2,MW251308.1,93.234,3843,253,3,22,3864,65,3900,0.0,5650
NC_045512.2,MW251308.1,98.667,75,1,0,7,81,75,1,5.20e-25,134
NC_045512.2,MG772934.1,88.655,18272,2036,34,3329,21581,3247,21500,0.0,22223
NC_045512.2,MG772934.1,89.000,6827,715,28,23084,29899,22931,29732,0.0,8414
NC_045512.2,MG772934.1,92.726,3217,227,6,6,3219,6,3218,0.0,4638
NC_045512.2,MW251312.1,94.692,17690,938,1,3888,21577,3881,21569,0.0,27470
NC_045512.2,MW251312.1,92.086,6267,484,10,23619,29881,23473,29731,0.0,8839
NC_045512.2,MW251312.1,93.208,3843,254,3,22,3864,58,3893,0.0,5646
NC_045512.2,MW251312.1,98.529,68,1,0,7,74,68,1,4.05e-21,121
NC_045512.2,HG994860.1,99.931,10092,7,0,55,10146,55,10146,0.0,18602
NC_045512.2,HG994860.1,99.933,8891,6,0,10385,19275,10385,19275,0.0,16390
NC_045512.2,HG994860.1,99.960,4969,2,0,22543,27511,22543,27511,0.0,9166
NC_045512.2,HG994860.1,99.852,2028,3,0,27809,29836,27809,29836,0.0,3729
NC_045512.2,HG994860.1,100.000,938,0,0,21387,22324,21387,22324,0.0,1733
NC_045512.2,HG994860.1,99.846,650,1,0,20497,21146,20497,21146,0.0,1195
NC_045512.2,HG994860.1,100.000,341,0,0,19571,19911,19571,19911,1.51e-174,630
NC_045512.2,MW251311.1,94.703,17690,936,1,3888,21577,3881,21569,0.0,27475
NC_045512.2,MW251311.1,92.601,6136,442,10,23744,29875,23598,29725,0.0,8805
NC_045512.2,MW251311.1,93.234,3843,253,3,22,3864,58,3893,0.0,5650
NC_045512.2,MW251311.1,98.529,68,1,0,7,74,68,1,4.05e-21,121
NC_045512.2,MW251310.1,94.698,17690,937,1,3888,21577,3881,21569,0.0,27470
NC_045512.2,MW251310.1,92.233,6244,471,12,23633,29871,23487,29721,0.0,8841
NC_045512.2,MW251310.1,93.234,3843,253,3,22,3864,58,3893,0.0,5650
NC_045512.2,MW251310.1,98.529,68,1,0,7,74,68,1,4.05e-21,121
NC_045512.2,MW251309.1,94.698,17690,937,1,3888,21577,3881,21569,0.0,27470
NC_045512.2,MW251309.1,92.564,6132,444,10,23744,29871,23598,29721,0.0,8791
NC_045512.2,MW251309.1,93.234,3843,253,3,22,3864,58,3893,0.0,5650
NC_045512.2,MW251309.1,98.529,68,1,0,7,74,68,1,4.05e-21,121
NC_045512.2,MW251309.1,100.000,40,0,0,26930,26969,21998,21959,3.20e-07,75.0
NC_045512.2,LC556375.1,82.295,17690,2956,159,3956,21555,3903,21506,0.0,15154
NC_045512.2,LC556375.1,82.745,4874,760,59,23076,27905,22916,27752,0.0,4266
NC_045512.2,LC556375.1,90.305,1640,141,9,28257,29893,28094,29718,0.0,2132
NC_045512.2,LC556375.1,78.023,3076,622,46,6,3058,1,3045,0.0,1886
NC_045512.2,LC556375.1,78.074,488,105,2,22391,22877,22258,22744,2.90e-77,307
NC_045512.2,MK211376.1,82.317,17701,2945,167,3956,21562,3882,21491,0.0,15176
NC_045512.2,MK211376.1,79.524,5079,946,77,22346,27386,22238,27260,0.0,3531
NC_045512.2,MK211376.1,85.743,2483,309,32,27385,29836,27788,30256,0.0,2582
NC_045512.2,MK211376.1,77.738,2237,449,42,6,2218,5,2216,0.0,1327
NC_045512.2,KY417146.1,82.304,17716,2949,169,3956,21577,3883,21506,0.0,15176
NC_045512.2,KY417146.1,81.339,7620,1268,119,22346,29885,22237,29782,0.0,6052
NC_045512.2,KY417146.1,77.559,2237,453,42,6,2218,6,2217,0.0,1304
NC_045512.2,KF294457.1,81.890,17697,3025,159,3956,21562,3855,21461,0.0,14759
NC_045512.2,KF294457.1,82.670,6855,1042,113,23084,29870,22900,29676,0.0,5943
NC_045512.2,KF294457.1,84.966,3073,406,48,6,3060,6,3040,0.0,3064
NC_045512.2,MT782115.1,81.645,17701,3064,162,3956,21562,3865,21474,0.0,14517
NC_045512.2,MT782115.1,81.912,7563,1242,96,22396,29893,22280,29781,0.0,6272
NC_045512.2,MT782115.1,77.703,2229,461,28,6,2217,7,2216,0.0,1330
NC_045512.2,MT782114.1,81.645,17701,3064,162,3956,21562,3865,21474,0.0,14517
NC_045512.2,MT782114.1,81.925,7563,1241,96,22396,29893,22280,29781,0.0,6277
NC_045512.2,MT782114.1,77.703,2229,461,28,6,2217,7,2216,0.0,1330
NC_045512.2,FJ211859.1,81.645,17701,3064,162,3956,21562,3885,21494,0.0,14517
NC_045512.2,FJ211859.1,82.785,6872,1067,88,23084,29893,22933,29750,0.0,6030
NC_045512.2,FJ211859.1,77.703,2229,461,28,6,2217,27,2236,0.0,1330
NC_045512.2,DQ022305.2,81.627,17700,3069,161,3956,21562,3862,21471,0.0,14501
NC_045512.2,DQ022305.2,82.788,6873,1067,88,23084,29894,22910,29728,0.0,6032
NC_045512.2,DQ022305.2,77.703,2229,461,28,6,2217,4,2213,0.0,1330
NC_045512.2,DQ084200.1,81.627,17700,3069,161,3956,21562,3845,21454,0.0,14501
NC_045512.2,DQ084200.1,82.788,6873,1067,88,23084,29894,22893,29711,0.0,6032
NC_045512.2,DQ084200.1,77.652,2215,459,28,20,2217,1,2196,0.0,1315
NC_045512.2,AY395003.1,82.344,17716,2941,169,3956,21577,3832,21454,0.0,15213
NC_045512.2,AY395003.1,80.100,5417,986,68,22539,27910,22378,27747,0.0,3947
NC_045512.2,AY395003.1,90.079,1653,145,12,28257,29894,27999,29647,0.0,2126
NC_045512.2,AY395003.1,79.173,1887,359,28,55,1923,1,1871,0.0,1277
NC_045512.2,AY394996.1,82.344,17716,2941,169,3956,21577,3868,21490,0.0,15213
NC_045512.2,AY394996.1,80.100,5417,986,68,22539,27910,22414,27783,0.0,3947
NC_045512.2,AY394996.1,90.079,1653,145,12,28257,29894,28035,29683,0.0,2126
NC_045512.2,AY394996.1,79.283,1926,362,31,16,1923,1,1907,0.0,1312
NC_045512.2,AY304488.1,82.332,17716,2943,169,3956,21577,3868,21490,0.0,15202
NC_045512.2,AY304488.1,80.059,5416,990,67,22539,27910,22414,27783,0.0,3936
NC_045512.2,AY304488.1,89.994,1619,143,12,28257,29860,28117,29731,0.0,2074
NC_045512.2,AY304488.1,79.335,1926,361,31,16,1923,1,1907,0.0,1317
NC_045512.2,AY304486.1,82.332,17716,2943,169,3956,21577,3868,21490,0.0,15202
NC_045512.2,AY304486.1,80.022,5416,992,67,22539,27910,22414,27783,0.0,3925
NC_045512.2,AY304486.1,89.957,1633,145,12,28250,29867,28110,29738,0.0,2089
NC_045512.2,AY304486.1,79.283,1926,362,31,16,1923,1,1907,0.0,1312
NC_045512.2,AY390556.1,82.321,17716,2945,169,3956,21577,3883,21505,0.0,15191
NC_045512.2,AY390556.1,80.100,5417,986,68,22539,27910,22429,27798,0.0,3947
NC_045512.2,AY390556.1,90.018,1633,144,12,28257,29874,28132,29760,0.0,2095
NC_045512.2,AY390556.1,79.257,1938,361,34,6,1923,6,1922,0.0,1314
NC_045512.2,EU371564.1,82.315,17716,2946,169,3956,21577,3883,21505,0.0,15186
NC_045512.2,EU371564.1,79.922,5379,994,62,22539,27878,22429,27760,0.0,3871
NC_045512.2,EU371564.1,89.957,1633,145,12,28257,29874,27884,29512,0.0,2089
NC_045512.2,EU371564.1,79.463,1938,357,36,6,1923,6,1922,0.0,1336
NC_045512.2,AY278554.2,82.315,17716,2946,169,3956,21577,3868,21490,0.0,15186
NC_045512.2,AY278554.2,80.081,5417,987,68,22539,27910,22414,27783,0.0,3941
NC_045512.2,AY278554.2,90.200,1653,143,12,28257,29894,28088,29736,0.0,2137
NC_045512.2,AY278554.2,79.305,1928,358,35,16,1923,1,1907,0.0,1312
NC_045512.2,EU371559.1,82.310,17716,2947,169,3956,21577,3883,21505,0.0,15180
NC_045512.2,EU371559.1,80.081,5417,987,68,22539,27910,22429,27798,0.0,3941
NC_045512.2,EU371559.1,90.080,1633,143,12,28257,29874,28103,29731,0.0,2100
NC_045512.2,EU371559.1,79.360,1938,359,35,6,1923,6,1922,0.0,1325
NC_045512.2,AY559093.1,82.310,17716,2947,169,3956,21577,3867,21489,0.0,15180
NC_045512.2,AY559093.1,80.044,5417,989,68,22539,27910,22413,27782,0.0,3930
NC_045512.2,AY559093.1,90.061,1630,143,12,28257,29871,28087,29712,0.0,2095
NC_045512.2,AY559093.1,79.221,1925,359,35,19,1923,3,1906,0.0,1301
NC_045512.2,JX163927.1,82.304,17716,2948,169,3956,21577,3843,21465,0.0,15175
NC_045512.2,JX163927.1,80.007,5417,991,68,22539,27910,22389,27758,0.0,3927
NC_045512.2,JX163927.1,89.798,1588,143,12,28257,29829,28063,29646,0.0,2017
NC_045512.2,JX163927.1,79.316,1900,355,32,44,1923,1,1882,0.0,1297
NC_045512.2,JX163926.1,82.304,17716,2948,169,3956,21577,3843,21465,0.0,15175
NC_045512.2,JX163926.1,80.044,5417,989,68,22539,27910,22389,27758,0.0,3934
NC_045512.2,JX163926.1,89.798,1588,143,12,28257,29829,28063,29646,0.0,2017
NC_045512.2,JX163926.1,79.316,1900,355,32,44,1923,1,1882,0.0,1297
NC_045512.2,JX163923.1,82.304,17716,2948,169,3956,21577,3843,21465,0.0,15175
NC_045512.2,JX163923.1,80.007,5417,991,68,22539,27910,22389,27758,0.0,3927
NC_045512.2,JX163923.1,89.798,1588,143,12,28257,29829,28063,29646,0.0,2017
NC_045512.2,JX163923.1,79.316,1900,355,32,44,1923,1,1882,0.0,1297
NC_045512.2,JQ316196.1,82.304,17716,2948,169,3956,21577,3883,21505,0.0,15175
NC_045512.2,JQ316196.1,80.063,5417,988,68,22539,27910,22429,27798,0.0,3936
NC_045512.2,JQ316196.1,90.055,1629,143,12,28257,29870,28103,29727,0.0,2093
NC_045512.2,JQ316196.1,79.360,1938,359,35,6,1923,6,1922,0.0,1325
NC_045512.2,FJ882963.1,82.304,17716,2948,169,3956,21577,3864,21486,0.0,15175
NC_045512.2,FJ882963.1,80.015,5419,987,71,22539,27910,22410,27779,0.0,3919
NC_045512.2,FJ882963.1,89.894,1603,143,12,28257,29844,28084,29682,0.0,2045
NC_045512.2,FJ882963.1,79.314,1924,357,35,20,1923,1,1903,0.0,1310
NC_045512.2,DQ898174.1,82.304,17716,2948,169,3956,21577,3883,21505,0.0,15175
NC_045512.2,DQ898174.1,80.063,5417,988,68,22539,27910,22429,27798,0.0,3936
NC_045512.2,DQ898174.1,90.200,1653,143,12,28257,29894,28103,29751,0.0,2137
NC_045512.2,DQ898174.1,79.360,1938,359,35,6,1923,6,1922,0.0,1325
NC_045512.2,AY864806.1,82.304,17716,2948,169,3956,21577,3883,21505,0.0,15175
NC_045512.2,AY864806.1,80.081,5417,987,68,22539,27910,22429,27798,0.0,3941
NC_045512.2,AY864806.1,90.200,1653,143,12,28257,29894,28103,29751,0.0,2137
NC_045512.2,AY864806.1,79.360,1938,359,35,6,1923,6,1922,0.0,1325
NC_045512.2,AY394991.1,82.304,17716,2948,169,3956,21577,3868,21490,0.0,15175
NC_045512.2,AY394991.1,80.081,5417,987,68,22539,27910,22414,27783,0.0,3941
NC_045512.2,AY394991.1,90.200,1653,143,12,28257,29894,28088,29736,0.0,2137
NC_045512.2,AY394991.1,79.305,1928,358,35,16,1923,1,1907,0.0,1312
NC_045512.2,AY394987.1,82.304,17716,2948,169,3956,21577,3841,21463,0.0,15175
NC_045512.2,AY394987.1,80.081,5417,987,68,22539,27910,22387,27756,0.0,3941
NC_045512.2,AY394987.1,90.200,1653,143,12,28257,29894,28061,29709,0.0,2137
NC_045512.2,AY394987.1,79.294,1898,355,32,46,1923,1,1880,0.0,1293
NC_045512.2,JX163925.1,82.298,17716,2949,169,3956,21577,3843,21465,0.0,15173
NC_045512.2,JX163925.1,80.007,5417,991,68,22539,27910,22389,27758,0.0,3927
NC_045512.2,JX163925.1,89.798,1588,143,12,28257,29829,28063,29646,0.0,2017
NC_045512.2,JX163925.1,79.316,1900,355,32,44,1923,1,1882,0.0,1297
NC_045512.2,JX163928.1,82.298,17716,2949,169,3956,21577,3843,21465,0.0,15171
NC_045512.2,JX163928.1,80.063,5417,988,68,22539,27910,22389,27758,0.0,3938
NC_045512.2,JX163928.1,89.798,1588,143,12,28257,29829,28063,29646,0.0,2017
NC_045512.2,JX163928.1,79.316,1900,355,32,44,1923,1,1882,0.0,1297
NC_045512.2,JX163924.1,82.298,17716,2949,168,3956,21577,3843,21465,0.0,15169
NC_045512.2,JX163924.1,80.063,5417,988,68,22539,27910,22389,27758,0.0,3936
NC_045512.2,JX163924.1,89.798,1588,143,12,28257,29829,28063,29646,0.0,2017
NC_045512.2,JX163924.1,79.316,1900,355,32,44,1923,1,1882,0.0,1297
NC_045512.2,EU371563.1,82.300,17718,2945,172,3956,21577,3883,21505,0.0,15169
NC_045512.2,EU371563.1,79.952,5417,994,68,22539,27910,22429,27798,0.0,3903
NC_045512.2,EU371563.1,90.018,1633,144,12,28257,29874,27974,29602,0.0,2095
NC_045512.2,EU371563.1,79.463,1938,357,36,6,1923,6,1922,0.0,1336
NC_045512.2,EU371561.1,82.300,17718,2945,172,3956,21577,3883,21505,0.0,15169
NC_045512.2,EU371561.1,79.970,5417,993,68,22539,27910,22429,27798,0.0,3908
NC_045512.2,EU371561.1,90.018,1633,144,12,28257,29874,27974,29602,0.0,2095
NC_045512.2,EU371561.1,79.463,1938,357,36,6,1923,6,1922,0.0,1336
NC_045512.2,EU371560.1,82.300,17718,2945,172,3956,21577,3883,21505,0.0,15169
NC_045512.2,EU371560.1,79.970,5417,993,68,22539,27910,22429,27798,0.0,3908
NC_045512.2,EU371560.1,90.018,1633,144,12,28257,29874,28103,29731,0.0,2095
NC_045512.2,EU371560.1,79.463,1938,357,36,6,1923,6,1922,0.0,1336
NC_045512.2,AY485278.1,82.299,17717,2947,171,3956,21577,3883,21505,0.0,15169
NC_045512.2,AY485278.1,80.044,5417,989,68,22539,27910,22429,27798,0.0,3930
NC_045512.2,AY485278.1,90.146,1644,143,12,28257,29885,28101,29740,0.0,2121
NC_045512.2,AY485278.1,79.360,1938,359,35,6,1923,6,1922,0.0,1325
NC_045512.2,EU371562.1,82.289,17718,2947,172,3956,21577,3883,21505,0.0,15158
NC_045512.2,EU371562.1,79.970,5417,993,68,22539,27910,22429,27798,0.0,3908
NC_045512.2,EU371562.1,90.018,1633,144,12,28257,29874,27974,29602,0.0,2095
NC_045512.2,EU371562.1,79.463,1938,357,36,6,1923,6,1922,0.0,1336
NC_045512.2,MK211377.1,82.292,17704,2944,174,3956,21562,3881,21490,0.0,15149
NC_045512.2,MK211377.1,82.659,6822,1056,97,23084,29836,22926,29689,0.0,5927
NC_045512.2,MK211377.1,77.738,2237,449,42,6,2218,4,2215,0.0,1327
NC_045512.2,MK211375.1,82.257,17703,2953,169,3956,21562,3884,21494,0.0,15117
NC_045512.2,MK211375.1,82.766,6818,1051,94,23087,29837,22937,29697,0.0,5967
NC_045512.2,MK211375.1,77.187,2275,471,42,6,2256,6,2256,0.0,1282
NC_045512.2,JX993987.1,82.002,17713,3018,153,3956,21582,3785,21413,0.0,14892
NC_045512.2,JX993987.1,82.256,6712,1078,83,23084,29736,22827,29484,0.0,5692
NC_045512.2,JX993987.1,77.321,2165,444,37,77,2217,1,2142,0.0,1234
NC_045512.2,GQ153542.1,81.821,17707,3022,173,3956,21562,3874,21483,0.0,14683
NC_045512.2,GQ153542.1,82.620,6847,1078,83,23084,29870,22922,29716,0.0,5949
NC_045512.2,GQ153542.1,77.638,2227,466,25,6,2217,4,2213,0.0,1325
NC_045512.2,GQ153543.1,81.815,17707,3023,173,3956,21562,3874,21483,0.0,14678
NC_045512.2,GQ153543.1,80.939,4984,849,73,23084,28021,22922,27850,0.0,3847
NC_045512.2,GQ153543.1,89.501,1705,165,9,28177,29870,27980,29681,0.0,2145
NC_045512.2,GQ153543.1,77.638,2227,466,25,6,2217,4,2213,0.0,1325
NC_045512.2,GQ153547.1,81.681,17703,3054,163,3956,21562,3862,21471,0.0,14550
NC_045512.2,GQ153547.1,82.669,6849,1071,88,23084,29870,22910,29704,0.0,5965
NC_045512.2,GQ153547.1,77.568,2229,464,28,6,2217,4,2213,0.0,1314
NC_045512.2,DQ084199.1,81.638,17700,3067,161,3956,21562,3845,21454,0.0,14512
NC_045512.2,DQ084199.1,82.698,6849,1069,89,23084,29870,22893,29687,0.0,5976
NC_045512.2,DQ084199.1,77.698,2215,458,28,20,2217,1,2196,0.0,1321
NC_045512.2,GQ153540.1,81.633,17700,3068,161,3956,21562,3862,21471,0.0,14506
NC_045512.2,GQ153540.1,82.669,6849,1071,88,23084,29870,22910,29704,0.0,5965
NC_045512.2,GQ153540.1,77.613,2229,463,28,6,2217,4,2213,0.0,1319
NC_045512.2,GQ153539.1,81.633,17700,3068,161,3956,21562,3862,21471,0.0,14506
NC_045512.2,GQ153539.1,82.669,6849,1071,89,23084,29870,22910,29704,0.0,5965
NC_045512.2,GQ153539.1,77.658,2229,462,28,6,2217,4,2213,0.0,1325
NC_045512.2,GQ153546.1,81.630,17697,3068,161,3959,21562,3856,21462,0.0,14501
NC_045512.2,GQ153546.1,82.684,6849,1070,88,23084,29870,22901,29695,0.0,5971
NC_045512.2,GQ153546.1,77.524,2229,465,28,6,2217,4,2213,0.0,1308
NC_045512.2,GQ153548.1,81.625,17698,3067,162,3959,21562,3838,21444,0.0,14495
NC_045512.2,GQ153548.1,82.640,6849,1073,88,23084,29870,22883,29677,0.0,5954
NC_045512.2,GQ153548.1,77.613,2229,463,28,6,2217,4,2213,0.0,1319
NC_045512.2,GQ153541.1,81.621,17700,3070,161,3956,21562,3862,21471,0.0,14495
NC_045512.2,GQ153541.1,82.669,6849,1071,89,23084,29870,22910,29704,0.0,5965
NC_045512.2,GQ153541.1,77.748,2229,460,28,6,2217,4,2213,0.0,1336
NC_045512.2,GQ153545.1,81.613,17697,3071,161,3959,21562,3856,21462,0.0,14484
NC_045512.2,GQ153545.1,82.654,6849,1072,88,23084,29870,22901,29695,0.0,5960
NC_045512.2,GQ153545.1,77.568,2229,464,28,6,2217,4,2213,0.0,1314
NC_045512.2,GQ153544.1,81.613,17697,3071,161,3959,21562,3856,21462,0.0,14484
NC_045512.2,GQ153544.1,82.654,6849,1072,88,23084,29870,22901,29695,0.0,5960
NC_045512.2,GQ153544.1,77.568,2229,464,28,6,2217,4,2213,0.0,1314
NC_045512.2,KJ473814.1,82.202,17569,2964,154,4096,21582,3955,21442,0.0,14970
NC_045512.2,KJ473814.1,81.343,4931,827,70,23068,27952,22844,27727,0.0,3923
NC_045512.2,KJ473814.1,90.114,1669,148,11,28221,29878,27996,29658,0.0,2152
NC_045512.2,KJ473814.1,78.048,2100,428,28,63,2145,1,2084,0.0,1293
NC_045512.2,DQ648857.1,82.164,17549,2967,150,4097,21562,4041,21509,0.0,14916
NC_045512.2,DQ648857.1,82.538,6872,1074,96,23069,29875,22931,29741,0.0,5927
NC_045512.2,DQ648857.1,79.407,1923,354,35,6,1908,6,1906,0.0,1319
NC_045512.2,MK211374.1,82.016,17504,2982,148,4163,21582,4053,21474,0.0,14731
NC_045512.2,MK211374.1,82.286,6825,1072,107,23084,29838,22891,29648,0.0,5779
NC_045512.2,MK211374.1,79.403,1942,350,43,6,1923,3,1918,0.0,1325
NC_045512.2,KJ473813.1,81.823,17671,3087,113,3956,21562,3634,21243,0.0,14722
NC_045512.2,KJ473813.1,80.328,4880,855,76,23075,27904,22665,27489,0.0,3596
NC_045512.2,KJ473813.1,88.589,1630,167,14,28263,29878,27837,29461,0.0,1962
NC_045512.2,KJ473813.1,76.700,2000,430,32,236,2217,1,1982,0.0,1079
NC_045512.2,KY770860.1,81.740,17683,3080,131,3956,21562,3819,21428,0.0,14628
NC_045512.2,KY770860.1,80.320,4878,858,75,23075,27904,22856,27679,0.0,3596
NC_045512.2,KY770860.1,88.257,1635,168,19,28263,29883,28027,29651,0.0,1934
NC_045512.2,KY770860.1,77.362,2191,450,39,49,2217,1,2167,0.0,1256
NC_045512.2,DQ648856.1,81.663,17680,3099,126,3956,21562,3867,21476,0.0,14556
NC_045512.2,DQ648856.1,80.107,4881,864,76,23075,27904,22904,27728,0.0,3535
NC_045512.2,DQ648856.1,88.739,1634,165,14,28263,29882,28076,29704,0.0,1980
NC_045512.2,DQ648856.1,77.619,2234,454,41,6,2217,6,2215,0.0,1314
NC_045512.2,DQ412042.1,81.664,17681,3097,127,3956,21562,3864,21473,0.0,14556
NC_045512.2,DQ412042.1,80.082,4880,866,75,23075,27904,22901,27724,0.0,3530
NC_045512.2,DQ412042.1,88.625,1644,166,16,28263,29891,28072,29709,0.0,1980
NC_045512.2,DQ412042.1,77.723,2231,454,38,6,2217,6,2212,0.0,1327
NC_045512.2,KY417145.1,82.261,17718,2955,171,3956,21578,3883,21507,0.0,15134
NC_045512.2,KY417145.1,81.145,4890,826,75,23070,27910,22894,27736,0.0,3834
NC_045512.2,KY417145.1,89.787,1645,149,12,28257,29886,28070,29710,0.0,2089
NC_045512.2,KY417145.1,79.236,1936,365,31,6,1923,6,1922,0.0,1314
NC_045512.2,JX993988.1,82.178,17697,2977,158,3956,21562,3782,21391,0.0,15043
NC_045512.2,JX993988.1,82.350,6697,1046,105,23075,29698,22819,29452,0.0,5694
NC_045512.2,JX993988.1,78.318,1748,343,27,108,1836,1,1731,0.0,1096
NC_045512.2,KJ473812.1,81.791,17678,3080,122,3956,21562,3611,21220,0.0,14683
NC_045512.2,KJ473812.1,80.287,4880,857,78,23075,27904,22648,27472,0.0,3585
NC_045512.2,KJ473812.1,88.521,1629,168,14,28263,29877,27820,29443,0.0,1954
NC_045512.2,KJ473812.1,76.465,1980,424,35,259,2217,1,1959,0.0,1037
NC_045512.2,KJ473811.1,81.786,17684,3081,131,3956,21568,3634,21248,0.0,14683
NC_045512.2,KJ473811.1,80.132,4852,863,79,23075,27878,22656,27454,0.0,3526
NC_045512.2,KJ473811.1,87.588,1555,171,16,28263,29803,27491,29037,0.0,1783
NC_045512.2,KJ473811.1,76.650,2000,431,32,236,2217,1,1982,0.0,1074
NC_045512.2,KJ473816.1,82.289,17723,2949,170,3956,21582,3648,21276,0.0,15163
NC_045512.2,KJ473816.1,81.478,4886,817,66,23070,27910,22656,27498,0.0,3928
NC_045512.2,KJ473816.1,88.661,1314,132,10,28257,29556,27832,29142,0.0,1585
NC_045512.2,KJ473816.1,77.523,1704,349,29,237,1923,1,1687,0.0,994
NC_045512.2,KU182964.1,82.945,15051,2490,73,6556,21568,5888,20899,0.0,13501
NC_045512.2,KU182964.1,80.194,4852,860,79,23075,27878,22307,27105,0.0,3542
NC_045512.2,KU182964.1,88.029,1629,173,16,28263,29877,27141,28761,0.0,1908
NC_045512.2,KU182964.1,77.713,2230,456,36,6,2217,6,2212,0.0,1327
NC_045512.2,KY938558.1,82.884,15050,2501,71,6556,21568,5895,20906,0.0,13452
NC_045512.2,KY938558.1,79.975,4854,867,82,23075,27878,22314,27112,0.0,3482
NC_045512.2,KY938558.1,87.956,1644,174,18,28263,29891,27441,29075,0.0,1917
NC_045512.2,KY938558.1,77.947,2231,449,38,6,2217,13,2219,0.0,1354
NC_045512.2,KF294456.1,81.661,17673,3087,134,3956,21548,3839,21437,0.0,14539
NC_045512.2,KF294456.1,77.606,2197,446,39,43,2217,9,2181,0.0,1290
NC_045512.2,KF294455.1,82.354,17556,2911,172,4095,21555,4016,21479,0.0,15084
NC_045512.2,KF294455.1,78.671,1941,367,38,6,1923,6,1922,0.0,1247
NC_045512.2,MT299804.1,99.974,7606,2,0,14816,22421,3099,10704,0.0,14035
NC_045512.2,MW059034.1,99.974,7571,2,0,14816,22386,5,7575,0.0,13971
NC_045512.2,MT299805.1,99.829,7585,13,0,22319,29903,3096,10680,0.0,13935
NC_045512.2,MW059035.1,99.828,7557,13,0,22319,29875,2,7558,0.0,13884
NC_045512.2,MT299803.1,99.987,7501,0,1,7416,14915,3099,10599,0.0,13845
NC_045512.2,MT299802.1,99.880,7515,1,1,1,7515,3099,10605,0.0,13821
NC_045512.2,MW059033.1,99.987,7487,0,1,7416,14901,6,7492,0.0,13819
NC_045512.2,MW059032.1,99.880,7510,1,1,6,7515,1,7502,0.0,13812


